Workbook

Sheet Delivery & Customer Analysis
B2: OLIST · DELIVERY & CUSTOMER ANALYSIS
B4: Delivery performance · Freight burden · Repeat purchasing
B6: Late Delivery Rate | H6: Late Orders | N6: Freight/Merchandize Sales | T6: Repeat Purchase Within 90 Days
B7: =SUM(delivery_priority!D2:D28)/SUM(delivery_priority!C2:C28) -> 0.067730901 | H7: =SUM(delivery_priority!D2:D28) -> 6534 | N7: =SUM(monthly_growth!F2:F21)/SUM(monthly_growth!D2:D21) -> 0.16630668 | T7: =SUM(customer_repeat_90d!C2:C18)/SUM(customer_repeat_90d!B2:B18) -> 0.022775981
B42: Seller IDs show the first 8 characters for display only. All 15 analysed seller labels were checked as unique. Full IDs are retained for joins and calculations.

Sheet olist_monthly_sales
A1: purchase_month | B1: total_orders | C1: delivered_orders | D1: canceled_orders | E1: delivered_orders_with_value | F1: delivered_merchandise_sales | G1: delivered_freight_value | H1: average_order_value | I1: sales_growth_pct
A2: 42614 | B2: 4 | C2: 1 | D2: 2 | E2: 1 | F2: 134.97 | G2: 8.49 | H2: 134.97 | I2: NULL
A3: 42644 | B3: 324 | C3: 265 | D3: 24 | E3: 265 | F3: 40325.11 | G3: 6165.55 | H3: 152.17 | I3: 29777.09
A4: 42705 | B4: 1 | C4: 1 | D4: 0 | E4: 1 | F4: 10.9 | G4: 8.72 | H4: 10.9 | I4: NULL
A5: 42736 | B5: 800 | C5: 750 | D5: 3 | E5: 750 | F5: 111798.36 | G5: 15684.01 | H5: 149.06 | I5: 1025573
A6: 42767 | B6: 1780 | C6: 1653 | D6: 17 | E6: 1653 | F6: 234223.4 | G6: 37015.92 | H6: 141.7 | I6: 109.51
A7: 42795 | B7: 2682 | C7: 2546 | D7: 33 | E7: 2546 | F7: 359198.85 | G7: 55132.1 | H7: 141.08 | I7: 53.36
A8: 42826 | B8: 2404 | C8: 2303 | D8: 18 | E8: 2303 | F8: 340669.68 | G8: 50142.72 | H8: 147.92 | I8: -5.16
A9: 42856 | B9: 3700 | C9: 3546 | D9: 29 | E9: 3546 | F9: 489338.25 | G9: 77513.15 | H9: 138 | I9: 43.64
A10: 42887 | B10: 3245 | C10: 3135 | D10: 16 | E10: 3135 | F10: 421923.37 | G10: 68127 | H10: 134.58 | I10: -13.78
A11: 42917 | B11: 4026 | C11: 3872 | D11: 28 | E11: 3872 | F11: 481604.52 | G11: 84694.56 | H11: 124.38 | I11: 14.15
A12: 42948 | B12: 4331 | C12: 4193 | D12: 27 | E12: 4193 | F12: 554699.7 | G12: 91132.66 | H12: 132.29 | I12: 15.18
A13: 42979 | B13: 4285 | C13: 4150 | D13: 20 | E13: 4150 | F13: 607399.67 | G13: 93677.82 | H13: 146.36 | I13: 9.5
A14: 43009 | B14: 4631 | C14: 4478 | D14: 26 | E14: 4478 | F14: 648247.65 | G14: 102869.36 | H14: 144.76 | I14: 6.73
A15: 43040 | B15: 7544 | C15: 7289 | D15: 37 | E15: 7289 | F15: 987765.37 | G15: 165598.83 | H15: 135.51 | I15: 52.37
A16: 43070 | B16: 5673 | C16: 5513 | D16: 11 | E16: 5513 | F16: 726033.19 | G16: 117045.1 | H16: 131.69 | I16: -26.5
... A24: 43313 | B24: 6512 | C24: 6351 | D24: 84 | E24: 6351 | F24: 838576.64 | G24: 146915 | H24: 132.04 | I24: -3.38
A25: 43344 | B25: 16 | D25: 15 | E25: 0 | F25: NULL | G25: NULL | H25: NULL | I25: NULL
A26: 43374 | B26: 4 | D26: 4 | E26: 0 | F26: NULL | G26: NULL | H26: NULL | I26: NULL

Sheet monthly_growth
A1: purchase_month | B1: total_orders | C1: delivered_orders | D1: merchandise_sales | E1: average_order_value | F1: freight_value | G1: freight_to_sales_pct | H1: previous_year_sales | I1: previous_year_orders | J1: sales_yoy_growth_pct | K1: orders_yoy_growth_pct | L1: aov_yoy_growth_pct
A2: 42736 | B2: 800 | C2: 750 | D2: 111798.36 | E2: 149.06 | F2: 15684.01 | G2: 14.03 | H2: NULL | I2: NULL | J2: NULL | K2: NULL | L2: NULL
A3: 42767 | B3: 1780 | C3: 1653 | D3: 234223.4 | E3: 141.7 | F3: 37015.92 | G3: 15.8 | H3: NULL | I3: NULL | J3: NULL | K3: NULL | L3: NULL
A4: 42795 | B4: 2682 | C4: 2546 | D4: 359198.85 | E4: 141.08 | F4: 55132.1 | G4: 15.35 | H4: NULL | I4: NULL | J4: NULL | K4: NULL | L4: NULL
A5: 42826 | B5: 2404 | C5: 2303 | D5: 340669.68 | E5: 147.92 | F5: 50142.72 | G5: 14.72 | H5: NULL | I5: NULL | J5: NULL | K5: NULL | L5: NULL
A6: 42856 | B6: 3700 | C6: 3546 | D6: 489338.25 | E6: 138 | F6: 77513.15 | G6: 15.84 | H6: NULL | I6: NULL | J6: NULL | K6: NULL | L6: NULL
A7: 42887 | B7: 3245 | C7: 3135 | D7: 421923.37 | E7: 134.58 | F7: 68127 | G7: 16.15 | H7: NULL | I7: NULL | J7: NULL | K7: NULL | L7: NULL
A8: 42917 | B8: 4026 | C8: 3872 | D8: 481604.52 | E8: 124.38 | F8: 84694.56 | G8: 17.59 | H8: NULL | I8: NULL | J8: NULL | K8: NULL | L8: NULL
A9: 42948 | B9: 4331 | C9: 4193 | D9: 554699.7 | E9: 132.29 | F9: 91132.66 | G9: 16.43 | H9: NULL | I9: NULL | J9: NULL | K9: NULL | L9: NULL
A10: 42979 | B10: 4285 | C10: 4150 | D10: 607399.67 | E10: 146.36 | F10: 93677.82 | G10: 15.42 | H10: NULL | I10: NULL | J10: NULL | K10: NULL | L10: NULL
A11: 43009 | B11: 4631 | C11: 4478 | D11: 648247.65 | E11: 144.76 | F11: 102869.36 | G11: 15.87 | H11: NULL | I11: NULL | J11: NULL | K11: NULL | L11: NULL
A12: 43040 | B12: 7544 | C12: 7289 | D12: 987765.37 | E12: 135.51 | F12: 165598.83 | G12: 16.76 | H12: NULL | I12: NULL | J12: NULL | K12: NULL | L12: NULL
A13: 43070 | B13: 5673 | C13: 5513 | D13: 726033.19 | E13: 131.69 | F13: 117045.1 | G13: 16.12 | H13: NULL | I13: NULL | J13: NULL | K13: NULL | L13: NULL
A14: 43101 | B14: 7269 | C14: 7069 | D14: 924645 | E14: 130.8 | F14: 153242.46 | G14: 16.57 | H14: 111798.36 | I14: 750 | J14: 727.06 | K14: 842.53 | L14: -12.25
A15: 43132 | B15: 6728 | C15: 6555 | D15: 826437.13 | E15: 126.08 | F15: 139731.28 | G15: 16.91 | H15: 234223.4 | I15: 1653 | J15: 252.84 | K15: 296.55 | L15: -11.02
A16: 43160 | B16: 7211 | C16: 7003 | D16: 953356.25 | E16: 136.14 | F16: 167241.99 | G16: 17.54 | H16: 359198.85 | I16: 2546 | J16: 165.41 | K16: 175.06 | L16: -3.51
A17: 43191 | B17: 6939 | C17: 6798 | D17: 973534.09 | E17: 143.21 | F17: 159344.84 | G17: 16.37 | H17: 340669.68 | I17: 2303 | J17: 185.77 | K17: 195.18 | L17: -3.19
A18: 43221 | B18: 6873 | C18: 6749 | D18: 977544.69 | E18: 144.84 | F18: 151229.83 | G18: 15.47 | H18: 489338.25 | I18: 3546 | J18: 99.77 | K18: 90.33 | L18: 4.96
A19: 43252 | B19: 6167 | C19: 6099 | D19: 856077.86 | E19: 140.36 | F19: 155900.43 | G19: 18.21 | H19: 421923.37 | I19: 3135 | J19: 102.9 | K19: 94.55 | L19: 4.29
A20: 43282 | B20: 6292 | C20: 6159 | D20: 867953.46 | E20: 140.92 | F20: 159853.82 | G20: 18.42 | H20: 481604.52 | I20: 3872 | J20: 80.22 | K20: 59.07 | L20: 13.3
A21: 43313 | B21: 6512 | C21: 6351 | D21: 838576.64 | E21: 132.04 | F21: 146915 | G21: 17.52 | H21: 554699.7 | I21: 4193 | J21: 51.18 | K21: 51.47 | L21: -0.19

Sheet latestate
A1: customer_state | B1: late_delivery_pct | C1: lateness_eligible_orders
A2: AL | B2: 21.41 | C2: 397
A3: MA | B3: 17.43 | C3: 717
A4: SE | B4: 15.22 | C4: 335
A5: PI | B5: 13.87 | C5: 476
A6: CE | B6: 13.76 | C6: 1279
A7: BA | B7: 12.16 | C7: 3256
A8: RJ | B8: 12.11 | C8: 12350
A9: PA | B9: 11.21 | C9: 946
A10: ES | B10: 10.73 | C10: 1995
A11: PB | B11: 10.44 | C11: 517

Sheet olist_product_category
A1: product_category | B1: merchandise_sales
A2: Beleza Saude | B2: 1233131.7
A3: Relogios Presentes | B3: 1166177
A4: Cama Mesa Banho | B4: 1023434.8
A5: Esporte Lazer | B5: 954852.55
A6: Informatica Acessorios | B6: 888724.61
A7: Moveis Decoracao | B7: 711927.69
A8: Utilidades Domesticas | B8: 615628.69
A9: Cool Stuff | B9: 610204.1
A10: Automotivo | B10: 578966.65
A11: Brinquedos | B11: 471286.48

Sheet customer segment
A1: customer_segment | B1: customer_count
A2: Single-order customer | B2: 90557
A3: Repeat customer | B3: 2801

Sheet paymentmethod
A1: payment_method | B1: delivered_order_payment_value
A2: Credit Card | B2: 12101095
A3: Boleto | B3: 2769932.6
A4: Voucher | B4: 343013.19
A5: Debit Card | B5: 208421.12

Sheet stateperformance
A1: customer_state | B1: delivered_merchandise_sales
A2: SP | B2: 5067633.2
A3: RJ | B3: 1759651.1
A4: MG | B4: 1552481.8
A5: RS | B5: 728897.47
A6: PR | B6: 666063.51
A7: SC | B7: 507012.13
A8: BA | B8: 493584.14
A9: DF | B9: 296498.41
A10: GO | B10: 282836.7
A11: ES | B11: 268643.45

Sheet customer_repeat_90d
A1: cohort_month | B1: cohort_customers | C1: repeat_customers_90d | D1: repeat_purchase_90d_pct
A2: 42736 | B2: 717 | C2: 26 | D2: 3.63
A3: 42767 | B3: 1628 | C3: 28 | D3: 1.72
A4: 42795 | B4: 2503 | C4: 62 | D4: 2.48
A5: 42826 | B5: 2256 | C5: 48 | D5: 2.13
A6: 42856 | B6: 3451 | C6: 98 | D6: 2.84
A7: 42887 | B7: 3037 | C7: 86 | D7: 2.83
A8: 42917 | B8: 3752 | C8: 97 | D8: 2.59
A9: 42948 | B9: 4057 | C9: 112 | D9: 2.76
A10: 42979 | B10: 4004 | C10: 114 | D10: 2.85
A11: 43009 | B11: 4328 | C11: 97 | D11: 2.24
A12: 43040 | B12: 7060 | C12: 164 | D12: 2.32
A13: 43070 | B13: 5338 | C13: 92 | D13: 1.72
... A18: 43221 | B18: 6506 | C18: 105 | D18: 1.61

Sheet delivery_priority
A1: customer_state | B1: delivered_orders | C1: lateness_eligible_orders | D1: late_orders | E1: late_delivery_pct | F1: share_of_all_late_orders_pct | G1: average_delivery_days | H1: merchandise_sales | I1: freight_to_merchandise_pct | J1: late_volume_rank | K1: sample_size_note
A2: SP | B2: 40501 | C2: 40494 | D2: 1820 | E2: 4.49 | F2: 27.85 | G2: 8.3 | H2: 5067633.2 | I2: 13.85 | J2: 1 | K2: 100+ eligible orders
A3: RJ | B3: 12350 | C3: 12350 | D3: 1495 | E3: 12.11 | F3: 22.88 | G3: 14.85 | H3: 1759651.1 | I3: 16.81 | J3: 2 | K3: 100+ eligible orders
A4: MG | B4: 11354 | C4: 11354 | D4: 519 | E4: 4.57 | F4: 7.94 | G4: 11.54 | H4: 1552481.8 | I4: 17.16 | J4: 3 | K4: 100+ eligible orders
A5: BA | B5: 3256 | C5: 3256 | D5: 396 | E5: 12.16 | F5: 6.06 | G5: 18.87 | H5: 493584.14 | I5: 19.76 | J5: 4 | K5: 100+ eligible orders
A6: RS | B6: 5345 | C6: 5344 | D6: 325 | E6: 6.08 | F6: 4.97 | G6: 14.82 | H6: 728897.47 | I6: 18.19 | J6: 5 | K6: 100+ eligible orders
A7: SC | B7: 3546 | C7: 3546 | D7: 291 | E7: 8.21 | F7: 4.45 | G7: 14.48 | H7: 507012.13 | I7: 17.38 | J7: 6 | K7: 100+ eligible orders
A8: ES | B8: 1995 | C8: 1995 | D8: 214 | E8: 10.73 | F8: 3.28 | G8: 15.33 | H8: 268643.45 | I8: 18.25 | J8: 7 | K8: 100+ eligible orders
A9: PR | B9: 4923 | C9: 4923 | D9: 199 | E9: 4.04 | F9: 3.05 | G9: 11.53 | H9: 666063.51 | I9: 17.36 | J9: 8 | K9: 100+ eligible orders
A10: CE | B10: 1279 | C10: 1279 | D10: 176 | E10: 13.76 | F10: 2.69 | G10: 20.82 | H10: 219757.38 | I10: 21.24 | J10: 9 | K10: 100+ eligible orders
A11: PE | B11: 1593 | C11: 1593 | D11: 153 | E11: 9.6 | F11: 2.34 | G11: 17.97 | H11: 251889.49 | I11: 22.66 | J11: 10 | K11: 100+ eligible orders
A12: GO | B12: 1957 | C12: 1957 | D12: 128 | E12: 6.54 | F12: 1.96 | G12: 15.15 | H12: 282836.7 | I12: 18.16 | J12: 11 | K12: 100+ eligible orders
A13: MA | B13: 717 | C13: 717 | D13: 125 | E13: 17.43 | F13: 1.91 | G13: 21.12 | H13: 117009.38 | I13: 26.32 | J13: 12 | K13: 100+ eligible orders
... A28: AP | B28: 67 | C28: 67 | D28: 2 | E28: 2.99 | F28: 0.03 | G28: 26.73 | H28: 13374.81 | I28: 20.69 | J28: 27 | K28: Small sample

Sheet seller_delivery
A1: seller_id | B1: delivered_orders | C1: lateness_eligible_orders | D1: late_orders | E1: late_delivery_pct | F1: overall_late_delivery_pct | G1: gap_vs_overall_percentage_points | H1: average_delivery_days | I1: merchandise_sales | J1: sample_size_note
A2: 4a3ca9315b744ce9f8e9374361493884 | B2: 1772 | C2: 1772 | D2: 172 | E2: 9.71 | F2: 6.77 | G2: 2.93 | H2: 14.01 | I2: 196882.12 | J2: 100+ eligible orders
A3: 1f50f920176fa81dab994f9023523100 | B3: 1399 | C3: 1399 | D3: 124 | E3: 8.86 | F3: 6.77 | G3: 2.09 | H3: 15.35 | I3: 106655.71 | J3: 100+ eligible orders
A4: 4869f7a5dfa277a7dca6462dcf3b52b2 | B4: 1124 | C4: 1124 | D4: 118 | E4: 10.5 | F4: 6.77 | G4: 3.73 | H4: 14.61 | I4: 226987.93 | J4: 100+ eligible orders
A5: 6560211a19b47992c3666cc44a7e94c0 | B5: 1819 | C5: 1819 | D5: 96 | E5: 5.28 | F5: 6.77 | G5: -1.5 | H5: 9.15 | I5: 120702.83 | J5: 100+ eligible orders
A6: ea8482cd71df3c1969d7b9473ff13abc | B6: 1132 | C6: 1132 | D6: 96 | E6: 8.48 | F6: 6.77 | G6: 1.71 | H6: 12.86 | I6: 36696.76 | J6: 100+ eligible orders
A7: 7c67e1448b00f6e969d365cea6b010ab | B7: 973 | C7: 973 | D7: 89 | E7: 9.15 | F7: 6.77 | G7: 2.37 | H7: 21.87 | I7: 186570.05 | J7: 100+ eligible orders
A8: cc419e0650a3c5ba77189a1882b7556a | B8: 1651 | C8: 1651 | D8: 87 | E8: 5.27 | F8: 6.77 | G8: -1.5 | H8: 11.11 | I8: 101090.96 | J8: 100+ eligible orders
A9: da8622b14eb17ae2831f4ac5b9dab84a | B9: 1311 | C9: 1311 | D9: 87 | E9: 6.64 | F9: 6.77 | G9: -0.14 | H9: 10.72 | I9: 159816.87 | J9: 100+ eligible orders
A10: 8b321bb669392f5163d04c59e235e066 | B10: 930 | C10: 930 | D10: 81 | E10: 8.71 | F10: 6.77 | G10: 1.94 | H10: 12.23 | I10: 17262.94 | J10: 100+ eligible orders
A11: 955fee9216a65b617aa5c0531780ce60 | B11: 1261 | C11: 1261 | D11: 77 | E11: 6.11 | F11: 6.77 | G11: -0.67 | H11: 10.33 | I11: 131836.71 | J11: 100+ eligible orders
A12: 06a2c3af7b3aee5d69171b0e14f0ee87 | B12: 389 | C12: 389 | D12: 74 | E12: 19.02 | F12: 6.77 | G12: 12.25 | H12: 17.26 | I12: 36097.98 | J12: 100+ eligible orders
A13: 1025f0e2d44d7041d6cf58b6550e0bfa | B13: 910 | C13: 910 | D13: 72 | E13: 7.91 | F13: 6.77 | G13: 1.14 | H13: 11.92 | I13: 138208.56 | J13: 100+ eligible orders
... A16: 7a67c85e85bb2ce8582c35f2203ad736 | B16: 1145 | C16: 1145 | D16: 60 | E16: 5.24 | F16: 6.77 | G16: -1.53 | H16: 10.72 | I16: 139658.69 | J16: 100+ eligible orders

Sheet state_freight
A1: customer_state | B1: delivered_orders | C1: merchandise_sales | D1: merchandise_sales_share_pct | E1: average_order_value | F1: average_freight_per_order | G1: freight_to_merchandise_pct | H1: average_delivery_days | I1: sample_size_note
A2: MA | B2: 717 | C2: 117009.38 | D2: 0.88 | E2: 163.19 | F2: 42.95 | G2: 26.32 | H2: 21.12 | I2: 100+ delivered orders
A3: RO | B3: 243 | C3: 45682.76 | D3: 0.35 | E3: 187.99 | F3: 46.43 | G3: 24.7 | H3: 18.91 | I3: 100+ delivered orders
A4: AM | B4: 145 | C4: 22155.84 | D4: 0.17 | E4: 152.8 | F4: 37.45 | G4: 24.51 | H4: 25.99 | I4: 100+ delivered orders
A5: SE | B5: 335 | C5: 56574.19 | D5: 0.43 | E5: 168.88 | F5: 40.94 | G5: 24.24 | H5: 21.03 | I5: 100+ delivered orders
A6: PI | B6: 476 | C6: 84721 | D6: 0.64 | E6: 177.99 | F6: 42.98 | G6: 24.15 | H6: 18.99 | I6: 100+ delivered orders
A7: TO | B7: 274 | C7: 48402.51 | D7: 0.37 | E7: 176.65 | F7: 42.35 | G7: 23.98 | H7: 17.23 | I7: 100+ delivered orders
A8: PE | B8: 1593 | C8: 251889.49 | D8: 1.91 | E8: 158.12 | F8: 35.83 | G8: 22.66 | H8: 17.97 | I8: 100+ delivered orders
A9: RN | B9: 474 | C9: 82105.66 | D9: 0.62 | E9: 173.22 | F9: 39.26 | G9: 22.66 | H9: 18.82 | I9: 100+ delivered orders
A10: PB | B10: 517 | C10: 112586.82 | D10: 0.85 | E10: 217.77 | F10: 48.84 | G10: 22.43 | H10: 19.95 | I10: 100+ delivered orders
A11: PA | B11: 946 | C11: 174470.59 | D11: 1.32 | E11: 184.43 | F11: 39.7 | G11: 21.52 | H11: 23.32 | I11: 100+ delivered orders
A12: CE | B12: 1279 | C12: 219757.38 | D12: 1.66 | E12: 171.82 | F12: 36.5 | G12: 21.24 | H12: 20.82 | I12: 100+ delivered orders
A13: BA | B13: 3256 | C13: 493584.14 | D13: 3.73 | E13: 151.59 | F13: 29.96 | G13: 19.76 | H13: 18.87 | I13: 100+ delivered orders
... A25: SP | B25: 40501 | C25: 5067633.2 | D25: 38.33 | E25: 125.12 | F25: 17.33 | G25: 13.85 | H25: 8.3 | I25: 100+ delivered orders

Sheet Executive overview
B2: OLIST · BUSINESS PERFORMANCE
B4: Sales overview · January 2017–August 2018
B6: MERCHANDISE SALES | H6: Delivered Orders | N6: Average Order Value | T6: Sales Growth · Jan–Aug YoY
B7: =SUM(monthly_growth!D2:D21) -> 13181027 | H7: =SUM(monthly_growth!C2:C21) -> 96211 | N7: =SUM(monthly_growth!D2:D21)/SUM(monthly_growth!C2:C21) -> 137.00125 | T7: =SUM(monthly_growth!D14:D21)/SUM(monthly_growth!D2:D9)-1 -> 1.4113015
B42: Period: headline sales, orders and AOV cover Jan 2017–Aug 2018. YoY compares Jan–Aug 2018 with Jan–Aug 2017. State and category rankings use the full dataset.

Sheet chart_data
A1: month | B1: 2017 sales | C1: 2018 sales | E1: month | F1: order growth | G1: aov growth | I1: state | J1: late orders | L1: cohort month | M1: 90-Day Repeat Rate | O1: state | P1: Freight / Merchandise Sales | R1: sellers | S1: Late orders
A2: january | B2: =monthly_growth!D2 -> 111798.36 | C2: =monthly_growth!D14 -> 924645 | E2: =A2 -> january | F2: =monthly_growth!K14/100 -> 8.4253 | G2: =monthly_growth!L14/100 -> -0.1225 | I2: =delivery_priority!A2 -> SP | J2: =delivery_priority!D2 -> 1820 | L2: =customer_repeat_90d!A2 -> 42736 | M2: =customer_repeat_90d!D2/100 -> 0.0363 | O2: =state_freight!A2 -> MA | P2: =state_freight!G2/100 -> 0.2632 | R2: =LEFT(seller_delivery!A2,8) -> 4a3ca931 | S2: =seller_delivery!D2 -> 172 | T2: =COUNTIF($R$2:$R$16,R2) -> 1
A3: february | B3: =monthly_growth!D3 -> 234223.4 | C3: =monthly_growth!D15 -> 826437.13 | E3: =A3 -> february | F3: =monthly_growth!K15/100 -> 2.9655 | G3: =monthly_growth!L15/100 -> -0.1102 | I3: =delivery_priority!A3 -> RJ | J3: =delivery_priority!D3 -> 1495 | L3: =customer_repeat_90d!A3 -> 42767 | M3: =customer_repeat_90d!D3/100 -> 0.0172 | O3: =state_freight!A3 -> RO | P3: =state_freight!G3/100 -> 0.247 | R3: =LEFT(seller_delivery!A3,8) -> 1f50f920 | S3: =seller_delivery!D3 -> 124 | T3: =COUNTIF($R$2:$R$16,R3) -> 1
A4: march | B4: =monthly_growth!D4 -> 359198.85 | C4: =monthly_growth!D16 -> 953356.25 | E4: =A4 -> march | F4: =monthly_growth!K16/100 -> 1.7506 | G4: =monthly_growth!L16/100 -> -0.0351 | I4: =delivery_priority!A4 -> MG | J4: =delivery_priority!D4 -> 519 | L4: =customer_repeat_90d!A4 -> 42795 | M4: =customer_repeat_90d!D4/100 -> 0.0248 | O4: =state_freight!A4 -> AM | P4: =state_freight!G4/100 -> 0.2451 | R4: =LEFT(seller_delivery!A4,8) -> 4869f7a5 | S4: =seller_delivery!D4 -> 118 | T4: =COUNTIF($R$2:$R$16,R4) -> 1
A5: april | B5: =monthly_growth!D5 -> 340669.68 | C5: =monthly_growth!D17 -> 973534.09 | E5: =A5 -> april | F5: =monthly_growth!K17/100 -> 1.9518 | G5: =monthly_growth!L17/100 -> -0.0319 | I5: =delivery_priority!A5 -> BA | J5: =delivery_priority!D5 -> 396 | L5: =customer_repeat_90d!A5 -> 42826 | M5: =customer_repeat_90d!D5/100 -> 0.0213 | O5: =state_freight!A5 -> SE | P5: =state_freight!G5/100 -> 0.2424 | R5: =LEFT(seller_delivery!A5,8) -> 6560211a | S5: =seller_delivery!D5 -> 96 | T5: =COUNTIF($R$2:$R$16,R5) -> 1
A6: may | B6: =monthly_growth!D6 -> 489338.25 | C6: =monthly_growth!D18 -> 977544.69 | E6: =A6 -> may | F6: =monthly_growth!K18/100 -> 0.9033 | G6: =monthly_growth!L18/100 -> 0.0496 | I6: =delivery_priority!A6 -> RS | J6: =delivery_priority!D6 -> 325 | L6: =customer_repeat_90d!A6 -> 42856 | M6: =customer_repeat_90d!D6/100 -> 0.0284 | O6: =state_freight!A6 -> PI | P6: =state_freight!G6/100 -> 0.2415 | R6: =LEFT(seller_delivery!A6,8) -> ea8482cd | S6: =seller_delivery!D6 -> 96 | T6: =COUNTIF($R$2:$R$16,R6) -> 1
A7: june | B7: =monthly_growth!D7 -> 421923.37 | C7: =monthly_growth!D19 -> 856077.86 | E7: =A7 -> june | F7: =monthly_growth!K19/100 -> 0.9455 | G7: =monthly_growth!L19/100 -> 0.0429 | I7: =delivery_priority!A7 -> SC | J7: =delivery_priority!D7 -> 291 | L7: =customer_repeat_90d!A7 -> 42887 | M7: =customer_repeat_90d!D7/100 -> 0.0283 | O7: =state_freight!A7 -> TO | P7: =state_freight!G7/100 -> 0.2398 | R7: =LEFT(seller_delivery!A7,8) -> 7c67e144 | S7: =seller_delivery!D7 -> 89 | T7: =COUNTIF($R$2:$R$16,R7) -> 1
A8: july | B8: =monthly_growth!D8 -> 481604.52 | C8: =monthly_growth!D20 -> 867953.46 | E8: =A8 -> july | F8: =monthly_growth!K20/100 -> 0.5907 | G8: =monthly_growth!L20/100 -> 0.133 | I8: =delivery_priority!A8 -> ES | J8: =delivery_priority!D8 -> 214 | L8: =customer_repeat_90d!A8 -> 42917 | M8: =customer_repeat_90d!D8/100 -> 0.0259 | O8: =state_freight!A8 -> PE | P8: =state_freight!G8/100 -> 0.2266 | R8: =LEFT(seller_delivery!A8,8) -> cc419e06 | S8: =seller_delivery!D8 -> 87 | T8: =COUNTIF($R$2:$R$16,R8) -> 1
A9: august | B9: =monthly_growth!D9 -> 554699.7 | C9: =monthly_growth!D21 -> 838576.64 | E9: =A9 -> august | F9: =monthly_growth!K21/100 -> 0.5147 | G9: =monthly_growth!L21/100 -> -0.0019 | I9: =delivery_priority!A9 -> PR | J9: =delivery_priority!D9 -> 199 | L9: =customer_repeat_90d!A9 -> 42948 | M9: =customer_repeat_90d!D9/100 -> 0.0276 | O9: =state_freight!A9 -> RN | P9: =state_freight!G9/100 -> 0.2266 | R9: =LEFT(seller_delivery!A9,8) -> da8622b1 | S9: =seller_delivery!D9 -> 87 | T9: =COUNTIF($R$2:$R$16,R9) -> 1
A10: september | B10: =monthly_growth!D10 -> 607399.67 | E10: =A10 -> september | I10: =delivery_priority!A10 -> CE | J10: =delivery_priority!D10 -> 176 | L10: =customer_repeat_90d!A10 -> 42979 | M10: =customer_repeat_90d!D10/100 -> 0.0285 | O10: =state_freight!A10 -> PB | P10: =state_freight!G10/100 -> 0.2243 | R10: =LEFT(seller_delivery!A10,8) -> 8b321bb6 | S10: =seller_delivery!D10 -> 81 | T10: =COUNTIF($R$2:$R$16,R10) -> 1
A11: october | B11: =monthly_growth!D11 -> 648247.65 | E11: =A11 -> october | I11: =delivery_priority!A11 -> PE | J11: =delivery_priority!D11 -> 153 | L11: =customer_repeat_90d!A11 -> 43009 | M11: =customer_repeat_90d!D11/100 -> 0.0224 | O11: =state_freight!A11 -> PA | P11: =state_freight!G11/100 -> 0.2152 | R11: =LEFT(seller_delivery!A11,8) -> 955fee92 | S11: =seller_delivery!D11 -> 77 | T11: =COUNTIF($R$2:$R$16,R11) -> 1
A12: november | B12: =monthly_growth!D12 -> 987765.37 | E12: =A12 -> november | I12: =delivery_priority!A12 -> GO | L12: =customer_repeat_90d!A12 -> 43040 | M12: =customer_repeat_90d!D12/100 -> 0.0232 | O12: =state_freight!A12 -> CE | P12: =state_freight!G12/100 -> 0.2124 | R12: =LEFT(seller_delivery!A12,8) -> 06a2c3af | S12: =seller_delivery!D12 -> 74 | T12: =COUNTIF($R$2:$R$16,R12) -> 1
A13: december | B13: =monthly_growth!D13 -> 726033.19 | E13: =A13 -> december | I13: =delivery_priority!A13 -> MA | L13: =customer_repeat_90d!A13 -> 43070 | M13: =customer_repeat_90d!D13/100 -> 0.0172 | O13: =state_freight!A13 -> BA | P13: =state_freight!G13/100 -> 0.1976 | R13: =LEFT(seller_delivery!A13,8) -> 1025f0e2 | S13: =seller_delivery!D13 -> 72 | T13: =COUNTIF($R$2:$R$16,R13) -> 1
I14: =delivery_priority!A14 -> DF | L14: =customer_repeat_90d!A14 -> 43101 | M14: =customer_repeat_90d!D14/100 -> 0.0218 | O14: =state_freight!A14 -> AL | P14: =state_freight!G14/100 -> 0.1942 | R14: =LEFT(seller_delivery!A14,8) -> 7d13fca1 | S14: =seller_delivery!D14 -> 64 | T14: =COUNTIF($R$2:$R$16,R14) -> 1
I15: =delivery_priority!A15 -> PA | L15: =customer_repeat_90d!A15 -> 43132 | M15: =customer_repeat_90d!D15/100 -> 0.0299 | O15: =state_freight!A15 -> MT | P15: =state_freight!G15/100 -> 0.1908 | R15: =LEFT(seller_delivery!A15,8) -> 620c87c1 | S15: =seller_delivery!D15 -> 63 | T15: =COUNTIF($R$2:$R$16,R15) -> 1
I16: =delivery_priority!A16 -> AL | L16: =customer_repeat_90d!A16 -> 43160 | M16: =customer_repeat_90d!D16/100 -> 0.0198 | O16: =state_freight!A16 -> ES | P16: =state_freight!G16/100 -> 0.1825 | R16: =LEFT(seller_delivery!A16,8) -> 7a67c85e | S16: =seller_delivery!D16 -> 60 | T16: =COUNTIF($R$2:$R$16,R16) -> 1
I17: =delivery_priority!A17 -> MS | L17: =customer_repeat_90d!A17 -> 43191 | M17: =customer_repeat_90d!D17/100 -> 0.0169 | O17: =state_freight!A17 -> RS | P17: =state_freight!G17/100 -> 0.1819
I18: =delivery_priority!A18 -> PI | L18: =customer_repeat_90d!A18 -> 43221 | M18: =customer_repeat_90d!D18/100 -> 0.0161 | O18: =state_freight!A18 -> GO | P18: =state_freight!G18/100 -> 0.1816
I19: =delivery_priority!A19 -> PB | O19: =state_freight!A19 -> SC | P19: =state_freight!G19/100 -> 0.1738
I20: =delivery_priority!A20 -> MT | O20: =state_freight!A20 -> PR | P20: =state_freight!G20/100 -> 0.1736
I21: =delivery_priority!A21 -> SE | O21: =state_freight!A21 -> MG | P21: =state_freight!G21/100 -> 0.1716
I22: =delivery_priority!A22 -> RN | O22: =state_freight!A22 -> RJ | P22: =state_freight!G22/100 -> 0.1681
I23: =delivery_priority!A23 -> TO | O23: =state_freight!A23 -> DF | P23: =state_freight!G23/100 -> 0.1674
I24: =delivery_priority!A24 -> RO | O24: =state_freight!A24 -> MS | P24: =state_freight!G24/100 -> 0.1641
I25: =delivery_priority!A25 -> RR | O25: =state_freight!A25 -> SP | P25: =state_freight!G25/100 -> 0.1385
I26: =delivery_priority!A26 -> AM
I27: =delivery_priority!A27 -> AC
